Filename,Balanced accuracy,Jaccard index,Average match for our communities,Average match for arrowhead
GSE226216_HMEC_Res10_20_40_100_500kb,0.4982,0.0352,10.06533016286493,8.488406164036464
GSE226216_Huh1_Inter_Intra_Res10_20_40_100_500kb,0.4987,0.0375,7.343522853637353,6.3026772277372
GSE226216_SNU449_Inter_Intra_Res10_20_40_100_500kb,0.4988,0.0391,8.074670694118696,6.6706055538877544
